Bairro,Link,Aluguel Cheio,Aluguel com Bonificação,Condomínio,IPTU,Total / Mês,Dormitórios
Jardim Paulistano,https://www.cardinali.com.br/alugar/Sao-Carlos/Apartamento/Padrao/Jardim-Paulistano/235710,"1.390,00","1.112,00","267,55","45,47",1425.02,1
Vila Monteiro Gleba I,https://www.cardinali.com.br/alugar/Sao-Carlos/Apartamento/Padrao/Vila-Monteiro-Gleba-I/235677,"1.528,75","1.223,00","400,00","93,79",1716.79,2
Centro,https://www.cardinali.com.br/alugar/Sao-Carlos/Apartamento/Padrao/Centro/235595,"2.917,50","2.334,00","350,00","50,00",2734.0,1
Jardim Paraiso,https://www.cardinali.com.br/alugar/Sao-Carlos/Apartamento/Padrao/Jardim-Paraiso/235586,"1.667,50","1.334,00","235,00","35,00",1604.0,1
Parque Arnold Schimidt,https://www.cardinali.com.br/alugar/Sao-Carlos/Apartamento/Padrao/Parque-Arnold-Schimidt/235536,"1.945,00","1.556,00","420,00",,1976.0,1
Cidade Jardim,https://www.cardinali.com.br/alugar/Sao-Carlos/Apartamento/Padrao/Cidade-Jardim/235498,"1.500,00","1.200,00","411,00","60,00",1671.0,2
Jardim Santa Paula,https://www.cardinali.com.br/alugar/Sao-Carlos/Apartamento/Padrao/Jardim-Santa-Paula/235463,"2.250,00","1.800,00","480,00","78,11",2358.11,2
Jardim Lutfalla,https://www.cardinali.com.br/alugar/Sao-Carlos/Apartamento/Padrao/Jardim-Lutfalla/235446,"1.528,75","1.223,00","90,00","53,51",1366.51,1
Parque Arnold Schimidt,https://www.cardinali.com.br/alugar/Sao-Carlos/Apartamento/Padrao/Parque-Arnold-Schimidt/235428,"2.917,50","2.334,00","388,17","91,64",2813.81,1
Parque Arnold Schimidt,https://www.cardinali.com.br/alugar/Sao-Carlos/Apartamento/Padrao/Parque-Arnold-Schimidt/235412,"1.250,00","1.000,00","306,00","15,00",1321.0,1
Cidade Jardim,https://www.cardinali.com.br/comprar/Sao-Carlos/Apartamento/Padrao/Cidade-Jardim/235409,"1.937,50","1.550,00","462,84","50,00",2062.84,2
Parque Arnold Schimidt,https://www.cardinali.com.br/alugar/Sao-Carlos/Apartamento/Padrao/Parque-Arnold-Schimidt/235335,"2.500,00","2.000,00","300,00","74,54",2374.54,1
Parque Arnold Schimidt,https://www.cardinali.com.br/alugar/Sao-Carlos/Apartamento/Padrao/Parque-Arnold-Schimidt/235265,"1.320,00","1.056,00","340,00","56,32",1452.32,2
Parque Arnold Schimidt,https://www.cardinali.com.br/alugar/Sao-Carlos/Apartamento/Padrao/Parque-Arnold-Schimidt/235122,"2.083,75","1.667,00","400,00","45,00",2112.0,1
Parque Arnold Schimidt,https://www.cardinali.com.br/alugar/Sao-Carlos/Apartamento/Padrao/Parque-Arnold-Schimidt/235121,"2.083,75","1.667,00","400,00","45,00",2112.0,1
Vila Monteiro Gleba I,https://www.cardinali.com.br/alugar/Sao-Carlos/Apartamento/Apartamento-sem-condominio/Vila-Monteiro-Gleba-I/235116,"2.750,00","2.200,00","150,00","150,00",2500.0,3
Jardim Macarengo,https://www.cardinali.com.br/alugar/Sao-Carlos/Apartamento/Padrao/Jardim-Macarengo/235114,"3.056,25","2.445,00","378,00","100,00",2923.0,3
Jardim Jockei Club A,https://www.cardinali.com.br/alugar/Sao-Carlos/Apartamento/Padrao/Jardim-Jockei-Club-A/235097,"1.667,50","1.334,00","252,20","83,06",1669.26,2
Jardim Bethania,https://www.cardinali.com.br/alugar/Sao-Carlos/Apartamento/Padrao/Jardim-Bethania/234981,"2.083,75","1.667,00","623,13","171,84",2461.97,3
Cidade Jardim,https://www.cardinali.com.br/alugar/Sao-Carlos/Apartamento/Padrao/Cidade-Jardim/234943,"2.917,50","2.334,00",,,2334.0,2
Jardim Lutfalla,https://www.cardinali.com.br/alugar/Sao-Carlos/Apartamento/Padrao/Jardim-Lutfalla/234875,"2.222,50","1.778,00","176,00","40,00",1994.0,1
Centro,https://www.cardinali.com.br/alugar/Sao-Carlos/Apartamento/Padrao/Centro/234858,"3.333,75","2.667,00","282,00",,2949.0,1
Vila Monteiro Gleba I,https://www.cardinali.com.br/alugar/Sao-Carlos/Apartamento/Padrao/Vila-Monteiro-Gleba-I/234778,"1.500,00","1.200,00","200,00","93,00",1493.0,1
Cidade Jardim,https://www.cardinali.com.br/alugar/Sao-Carlos/Apartamento/Kitchnet/Cidade-Jardim/234621,"2.015,00","1.612,00",,,1612.0,2
Jardim Centenario,https://www.cardinali.com.br/alugar/Sao-Carlos/Apartamento/Padrao/Jardim-Centenario/234586,"1.500,00","1.200,00","32,21","276,89",1509.1,2
Jardim Nova Santa Paula,https://www.cardinali.com.br/comprar/Sao-Carlos/Apartamento/Padrao/Jardim-Nova-Santa-Paula/234557,"1.361,25","1.089,00","265,00",,1354.0,1
Jardim Nova Santa Paula,https://www.cardinali.com.br/comprar/Sao-Carlos/Apartamento/Padrao/Jardim-Nova-Santa-Paula/234555,"1.528,75","1.223,00","265,00",,1488.0,1
Jardim Bethania,https://www.cardinali.com.br/alugar/Sao-Carlos/Apartamento/Padrao/Jardim-Bethania/234509,"2.778,75","2.223,00","450,00","75,00",2748.0,2
Jardim Jockei Club A,https://www.cardinali.com.br/alugar/Sao-Carlos/Apartamento/Padrao/Jardim-Jockei-Club-A/234483,"2.361,25","1.889,00","513,00","46,55",2448.55,2
Centro,https://www.cardinali.com.br/alugar/Sao-Carlos/Apartamento/Padrao/Centro/234458,"3.000,00","2.400,00","250,74","47,85",2698.59,1
Jardim Jockei Club A,https://www.cardinali.com.br/alugar/Sao-Carlos/Apartamento/Padrao/Jardim-Jockei-Club-A/234448,"1.111,25","889,00","730,00","51,55",1670.55,3
Parque Santa Monica,https://www.cardinali.com.br/alugar/Sao-Carlos/Apartamento/Padrao/Parque-Santa-Monica/234324,"2.361,25","1.889,00","427,00","68,00",2384.0,2
Vila Monteiro Gleba I,https://www.cardinali.com.br/comprar/Sao-Carlos/Apartamento/Padrao/Vila-Monteiro-Gleba-I/234285,"900,00",,"550,00","134,69",1584.69,2
Parque Arnold Schimidt,https://www.cardinali.com.br/alugar/Sao-Carlos/Apartamento/Padrao/Parque-Arnold-Schimidt/234284,"1.390,00","1.112,00","367,00","43,09",1522.09,1
Jardim Jockei Club A,https://www.cardinali.com.br/alugar/Sao-Carlos/Apartamento/Padrao/Jardim-Jockei-Club-A/234259,"1.500,00","1.200,00","331,00",,1531.0,2
Jardim Jockei Club A,https://www.cardinali.com.br/alugar/Sao-Carlos/Apartamento/Padrao/Jardim-Jockei-Club-A/234237,"1.250,00","1.000,00","226,97","49,59",1276.56,2
Jardim Lutfalla,https://www.cardinali.com.br/comprar/Sao-Carlos/Apartamento/Padrao/Jardim-Lutfalla/234170,"2.500,00","2.000,00","190,00","73,79",2263.79,1
Centro,https://www.cardinali.com.br/alugar/Sao-Carlos/Apartamento/Padrao/Centro/234127,"2.083,75","1.667,00","835,00","206,00",2708.0,3
Parque Arnold Schimidt,https://www.cardinali.com.br/comprar/Sao-Carlos/Apartamento/Padrao/Parque-Arnold-Schimidt/234087,"2.937,50","2.350,00","401,99",,2751.99,1
Parque Arnold Schimidt,https://www.cardinali.com.br/alugar/Sao-Carlos/Apartamento/Padrao/Parque-Arnold-Schimidt/233984,"2.931,25","2.345,00","401,00","80,00",2826.0,1
Jardim Lutfalla,https://www.cardinali.com.br/alugar/Sao-Carlos/Apartamento/Padrao/Jardim-Lutfalla/233983,"2.083,75","1.667,00","365,00","45,00",2077.0,1
Parque Arnold Schimidt,https://www.cardinali.com.br/comprar/Sao-Carlos/Apartamento/Padrao/Parque-Arnold-Schimidt/233974,"2.875,00","2.300,00","401,99",,2701.99,1
Parque Arnold Schimidt,https://www.cardinali.com.br/alugar/Sao-Carlos/Apartamento/Padrao/Parque-Arnold-Schimidt/210977,"1.806,25","1.445,00","405,52","39,00",1889.52,1
Parque Arnold Schimidt,https://www.cardinali.com.br/alugar/Sao-Carlos/Apartamento/Padrao/Parque-Arnold-Schimidt/210832,"1.390,00","1.112,00","420,00",,1532.0,1
Parque Santa Monica,https://www.cardinali.com.br/comprar/Sao-Carlos/Apartamento/Padrao/Parque-Santa-Monica/210781,"2.361,25","1.889,00","450,00","90,00",2429.0,3
Centro,https://www.cardinali.com.br/comprar/Sao-Carlos/Apartamento/Padrao/Centro/210657,"1.625,00","1.300,00","208,21","28,04",1536.25,1
Parque Arnold Schimidt,https://www.cardinali.com.br/alugar/Sao-Carlos/Apartamento/Padrao/Parque-Arnold-Schimidt/210634,"2.812,50","2.250,00","350,00",,2600.0,1
Jardim Centenario,https://www.cardinali.com.br/alugar/Sao-Carlos/Apartamento/Padrao/Jardim-Centenario/210572,"1.500,00","1.200,00","180,00","59,00",1439.0,1
Centro,https://www.cardinali.com.br/alugar/Sao-Carlos/Apartamento/Padrao/Centro/210525,"1.800,00",,"667,00","126,00",2593.0,3
Jardim Lutfalla,https://www.cardinali.com.br/alugar/Sao-Carlos/Apartamento/Padrao/Jardim-Lutfalla/210343,"2.778,75","2.223,00","275,77","143,11",2641.88,2
Jardim Lutfalla,https://www.cardinali.com.br/alugar/Sao-Carlos/Apartamento/Padrao/Jardim-Lutfalla/210341,"2.778,75","2.223,00","275,77","143,11",2641.88,2
Cidade Jardim,https://www.cardinali.com.br/comprar/Sao-Carlos/Apartamento/Padrao/Cidade-Jardim/210146,"1.875,00","1.500,00","500,00","93,53",2093.53,2
Centro,https://www.cardinali.com.br/alugar/Sao-Carlos/Apartamento/Padrao/Centro/210138,"2.778,75","2.223,00","240,00","43,00",2506.0,1
Parque Arnold Schimidt,https://www.cardinali.com.br/alugar/Sao-Carlos/Apartamento/Padrao/Parque-Arnold-Schimidt/209998,"1.667,50","1.334,00","405,52","39,00",1778.52,1
Parque Arnold Schimidt,https://www.cardinali.com.br/alugar/Sao-Carlos/Apartamento/Padrao/Parque-Arnold-Schimidt/209997,"1.667,50","1.334,00","401,99","39,00",1774.99,1
Centro,https://www.cardinali.com.br/alugar/Sao-Carlos/Apartamento/Padrao/Centro/209983,"2.112,00",,"280,00","89,00",2481.0,2
Centro,https://www.cardinali.com.br/alugar/Sao-Carlos/Apartamento/Padrao/Centro/209833,"1.958,75","1.567,00","330,00","50,00",1947.0,1
Vila Celina,https://www.cardinali.com.br/alugar/Sao-Carlos/Apartamento/Padrao/Vila-Celina/209728,"2.222,50","1.778,00","265,00","86,00",2129.0,2
Jardim Paraiso,https://www.cardinali.com.br/alugar/Sao-Carlos/Apartamento/Padrao/Jardim-Paraiso/209703,"2.083,75","1.667,00","597,00","78,52",2342.52,2
Cidade Jardim,https://www.cardinali.com.br/alugar/Sao-Carlos/Apartamento/Kitchnet/Cidade-Jardim/209522,"837,50","670,00",,,670.0,1
Cidade Jardim,https://www.cardinali.com.br/alugar/Sao-Carlos/Apartamento/Kitchnet/Cidade-Jardim/209521,"837,50","670,00",,,670.0,1
Jardim Jockei Club A,https://www.cardinali.com.br/alugar/Sao-Carlos/Apartamento/Padrao/Jardim-Jockei-Club-A/209292,"1.750,00","1.400,00","340,00",,1740.0,2
Parque Arnold Schimidt,https://www.cardinali.com.br/alugar/Sao-Carlos/Apartamento/Padrao/Parque-Arnold-Schimidt/209291,"1.806,25","1.445,00","405,00","45,00",1895.0,1
Cidade Jardim,https://www.cardinali.com.br/alugar/Sao-Carlos/Apartamento/Kitchnet-sem-Condominio/Cidade-Jardim/209230,"1.875,00","1.500,00",,"40,00",1540.0,1
Jardim Paraiso,https://www.cardinali.com.br/alugar/Sao-Carlos/Apartamento/Kitchnet/Jardim-Paraiso/209145,"833,75","667,00","100,00",,767.0,1
Jardim Paraiso,https://www.cardinali.com.br/alugar/Sao-Carlos/Apartamento/Kitchnet/Jardim-Paraiso/209144,"833,75","667,00","100,00",,767.0,1
Jardim Nova Santa Paula,https://www.cardinali.com.br/alugar/Sao-Carlos/Apartamento/Apartamento/Jardim-Nova-Santa-Paula/209029,"1.945,00","1.556,00","332,00","41,31",1929.31,2
Centro,https://www.cardinali.com.br/alugar/Sao-Carlos/Apartamento/Padrao/Centro/208684,"2.083,75","1.667,00","1.200,00","115,00",2982.0,2
Centro,https://www.cardinali.com.br/alugar/Sao-Carlos/Apartamento/Padrao/Centro/208621,"2.350,00",,"260,00","40,00",2650.0,1
Jardim Nova Santa Paula,https://www.cardinali.com.br/alugar/Sao-Carlos/Apartamento/Padrao/Jardim-Nova-Santa-Paula/208527,"1.667,50","1.334,00","440,00","38,31",1812.31,2
Vila Celina,https://www.cardinali.com.br/alugar/Sao-Carlos/Apartamento/Padrao/Vila-Celina/208456,"2.222,50","1.778,00","210,00","38,00",2026.0,2
Vila Celina,https://www.cardinali.com.br/alugar/Sao-Carlos/Apartamento/Kitchnet-sem-Condominio/Vila-Celina/208430,"972,50","778,00",,"35,00",813.0,1
Jardim Hikare,https://www.cardinali.com.br/comprar/Sao-Carlos/Apartamento/Padrao/Jardim-Hikare/208241,"1.597,50","1.278,00","360,00","43,00",1681.0,2
Parque Arnold Schimidt,https://www.cardinali.com.br/alugar/Sao-Carlos/Apartamento/Padrao/Parque-Arnold-Schimidt/208069,"1.806,25","1.445,00","405,00",,1850.0,1
Parque Arnold Schimidt,https://www.cardinali.com.br/comprar/Sao-Carlos/Apartamento/Padrao/Parque-Arnold-Schimidt/208005,"1.612,50","1.290,00","286,00","50,00",1626.0,1
Parque Arnold Schimidt,https://www.cardinali.com.br/comprar/Sao-Carlos/Apartamento/Padrao/Parque-Arnold-Schimidt/207364,"2.937,50","2.350,00","280,00",,2630.0,1
Centro,https://www.cardinali.com.br/alugar/Sao-Carlos/Apartamento/Padrao/Centro/206781,"3.195,00","2.556,00","288,25","47,44",2891.69,1
Jardim Paraiso,https://www.cardinali.com.br/alugar/Sao-Carlos/Apartamento/Padrao/Jardim-Paraiso/205958,"1.529,04","1.223,23","250,00","90,00",1563.23,1
Vila Monteiro Gleba I,https://www.cardinali.com.br/alugar/Sao-Carlos/Apartamento/Kitchnet/Vila-Monteiro-Gleba-I/205789,"962,50","770,00","93,00",,863.0,1
Centro,https://www.cardinali.com.br/comprar/Sao-Carlos/Apartamento/Padrao/Centro/205353,"2.626,25","2.101,00","558,76","116,00",2775.76,3
Jardim Paraiso,https://www.cardinali.com.br/alugar/Sao-Carlos/Apartamento/Padrao/Jardim-Paraiso/204782,"2.237,50","1.790,00","395,00","70,00",2255.0,2
Centro,https://www.cardinali.com.br/comprar/Sao-Carlos/Apartamento/Padrao/Centro/204733,"2.083,75","1.667,00","570,00","120,00",2357.0,2
Jardim Macarengo,https://www.cardinali.com.br/alugar/Sao-Carlos/Apartamento/Padrao/Jardim-Macarengo/204184,"3.056,25","2.445,00","378,00","100,00",2923.0,3
Cidade Jardim,https://www.cardinali.com.br/alugar/Sao-Carlos/Apartamento/Padrao/Cidade-Jardim/203974,"1.667,50","1.334,00","150,00","47,00",1531.0,1
Jardim Santa Paula,https://www.cardinali.com.br/alugar/Sao-Carlos/Apartamento/Padrao/Jardim-Santa-Paula/203267,"2.222,50","1.778,00","480,20","78,05",2336.25,2
Jardim Lutfalla,https://www.cardinali.com.br/alugar/Sao-Carlos/Apartamento/Padrao/Jardim-Lutfalla/203158,"1.306,25","1.045,00","209,00",,1254.0,1
Centro,https://www.cardinali.com.br/alugar/Sao-Carlos/Apartamento/Padrao/Centro/203045,"2.186,25","1.749,00","288,25","74,56",2111.81,1
Jardim Lutfalla,https://www.cardinali.com.br/alugar/Sao-Carlos/Apartamento/Padrao/Jardim-Lutfalla/202952,"1.778,00",,"301,11",,2079.11,1
Jardim Santa Paula,https://www.cardinali.com.br/alugar/Sao-Carlos/Apartamento/Padrao/Jardim-Santa-Paula/202714,"1.511,20",,"416,00","49,00",1976.2,1
Cidade Jardim,https://www.cardinali.com.br/comprar/Sao-Carlos/Apartamento/Padrao/Cidade-Jardim/202488,"2.778,75","2.223,00","250,00",,2473.0,2
Jardim Hikare,https://www.cardinali.com.br/alugar/Sao-Carlos/Apartamento/Padrao/Jardim-Hikare/202240,"1.390,00","1.112,00","350,00","35,00",1497.0,2
Parque Arnold Schimidt,https://www.cardinali.com.br/alugar/Sao-Carlos/Apartamento/Kitchnet/Parque-Arnold-Schimidt/201900,"1.062,50","850,00",,"36,00",886.0,1
Cidade Jardim,https://www.cardinali.com.br/alugar/Sao-Carlos/Apartamento/Padrao/Cidade-Jardim/200966,"1.945,00","1.556,00","380,00",,1936.0,1
Jardim Santa Paula,https://www.cardinali.com.br/alugar/Sao-Carlos/Apartamento/Padrao/Jardim-Santa-Paula/200758,"1.875,00","1.500,00",,,1500.0,1
Jardim Santa Paula,https://www.cardinali.com.br/alugar/Sao-Carlos/Apartamento/Padrao/Jardim-Santa-Paula/199373,"1.945,00","1.556,00","480,20","78,11",2114.31,2
Cidade Jardim,https://www.cardinali.com.br/comprar/Sao-Carlos/Apartamento/Padrao/Cidade-Jardim/198471,"2.125,00","1.700,00","228,00","75,00",2003.0,2
Cidade Jardim,https://www.cardinali.com.br/comprar/Sao-Carlos/Apartamento/Padrao/Cidade-Jardim/198469,"2.062,50","1.650,00","230,00","65,00",1945.0,2
Jardim Paraiso,https://www.cardinali.com.br/alugar/Sao-Carlos/Apartamento/Padrao/Jardim-Paraiso/198377,"1.140,00","912,00",,"50,95",962.95,1
Jardim Paraiso,https://www.cardinali.com.br/alugar/Sao-Carlos/Apartamento/Padrao/Jardim-Paraiso/198376,"1.140,00","912,00",,"50,95",962.95,1
Jardim Alvorada,https://www.cardinali.com.br/alugar/Sao-Carlos/Apartamento/Padrao/Jardim-Alvorada/198282,"2.062,50","1.650,00","350,00","70,00",2070.0,2
Jardim Bandeirantes,https://www.cardinali.com.br/alugar/Sao-Carlos/Apartamento/Padrao/Jardim-Bandeirantes/198112,"1.111,25","889,00","192,00","15,00",1096.0,1
Cidade Jardim,https://www.cardinali.com.br/alugar/Sao-Carlos/Apartamento/Kitchnet/Cidade-Jardim/132631,"1.362,50","1.090,00","176,00",,1266.0,1
Jardim Paraiso,https://www.cardinali.com.br/alugar/Sao-Carlos/Apartamento/Padrao/Jardim-Paraiso/120346,"1.140,00","912,00",,"50,95",962.95,1
Jardim Paraiso,https://www.cardinali.com.br/alugar/Sao-Carlos/Apartamento/Padrao/Jardim-Paraiso/120344,"1.140,00","912,00",,"50,95",962.95,1
Jardim Paraiso,https://www.cardinali.com.br/alugar/Sao-Carlos/Apartamento/Padrao/Jardim-Paraiso/120342,"1.140,00","912,00",,"50,95",962.95,1
Centro,https://www.cardinali.com.br/alugar/Sao-Carlos/Apartamento/Padrao/Centro/120322,"2.481,25","1.985,00","586,00",,2571.0,3
Cidade Jardim,https://www.cardinali.com.br/alugar/Sao-Carlos/Apartamento/Padrao/Cidade-Jardim/120320,"1.562,50","1.250,00","278,00",,1528.0,1
Jardim Alvorada,https://www.cardinali.com.br/alugar/Sao-Carlos/Apartamento/Padrao/Jardim-Alvorada/120319,"2.153,75","1.723,00","250,00","126,57",2099.57,2
Vila Celina,https://www.cardinali.com.br/alugar/Sao-Carlos/Apartamento/Padrao/Vila-Celina/120242,"1.445,00",,"265,00","51,97",1761.97,1
Jardim Bandeirantes,https://www.cardinali.com.br/alugar/Sao-Carlos/Apartamento/Padrao/Jardim-Bandeirantes/120051,"1.500,00","1.200,00","335,00",,1535.0,2
Vila Celina,https://www.cardinali.com.br/alugar/Sao-Carlos/Apartamento/Padrao/Vila-Celina/120016,"1.875,00","1.500,00","265,00","75,13",1840.13,1
Jardim Paraiso,https://www.cardinali.com.br/comprar/Sao-Carlos/Apartamento/Padrao/Jardim-Paraiso/119925,"2.237,50","1.790,00","395,00",,2185.0,2
Vila Celina,https://www.cardinali.com.br/alugar/Sao-Carlos/Apartamento/Padrao/Vila-Celina/119908,"2.500,00","2.000,00","265,00","77,03",2342.03,2
Cidade Jardim,https://www.cardinali.com.br/alugar/Sao-Carlos/Apartamento/Padrao/Cidade-Jardim/119671,"1.736,25","1.389,00","278,00",,1667.0,1
Jardim Paraiso,https://www.cardinali.com.br/alugar/Sao-Carlos/Apartamento/Padrao/Jardim-Paraiso/119525,"2.237,50","1.790,00","395,00","70,00",2255.0,2
Cidade Jardim,https://www.cardinali.com.br/alugar/Sao-Carlos/Apartamento/Padrao/Cidade-Jardim/119518,"1.362,50","1.090,00","175,00",,1265.0,1
Cidade Jardim,https://www.cardinali.com.br/alugar/Sao-Carlos/Apartamento/Padrao/Cidade-Jardim/119517,"1.362,50","1.090,00","176,00",,1266.0,1
Jardim Lutfalla,https://www.cardinali.com.br/alugar/Sao-Carlos/Apartamento/Padrao/Jardim-Lutfalla/119509,"1.173,75","939,00","175,00",,1114.0,1
Jardim Paraiso,https://www.cardinali.com.br/alugar/Sao-Carlos/Apartamento/Kitchnet/Jardim-Paraiso/119341,"833,75","667,00","100,00",,767.0,1
Jardim Paulistano,https://www.cardinali.com.br/alugar/Sao-Carlos/Apartamento/Kitchnet/Jardim-Paulistano/118717,"972,50","778,00","180,00",,958.0,1
Centro,https://www.cardinali.com.br/alugar/Sao-Carlos/Apartamento/Padrao/Centro/118380,"2.778,75","2.223,00","280,00","45,00",2548.0,1
Vila Celina,https://www.cardinali.com.br/alugar/Sao-Carlos/Apartamento/Padrao/Vila-Celina/117087,"2.361,25","1.889,00","282,00","48,41",2219.41,1
Jardim Jockei Club A,https://www.cardinali.com.br/alugar/Sao-Carlos/Apartamento/Padrao/Jardim-Jockei-Club-A/116982,"1.390,00","1.112,00","227,00","36,00",1375.0,2
Jardim Santa Paula,https://www.cardinali.com.br/comprar/Sao-Carlos/Apartamento/Padrao/Jardim-Santa-Paula/116952,"1.390,00","1.112,00","213,11","13,00",1338.11,1
Centro,https://www.cardinali.com.br/comprar/Sao-Carlos/Apartamento/Padrao/Centro/116930,"1.945,00","1.556,00","481,22","42,26",2079.48,2
Jardim Paulistano,https://www.cardinali.com.br/alugar/Sao-Carlos/Apartamento/Padrao/Jardim-Paulistano/116514,"1.931,25","1.545,00",,,1545.0,1
Vila Monteiro Gleba I,https://www.cardinali.com.br/alugar/Sao-Carlos/Apartamento/Padrao/Vila-Monteiro-Gleba-I/116480,"2.083,75","1.667,00","480,00","88,00",2235.0,2
Cidade Jardim,https://www.cardinali.com.br/alugar/Sao-Carlos/Apartamento/Padrao/Cidade-Jardim/116158,"1.362,50","1.090,00","176,00",,1266.0,1
Cidade Jardim,https://www.cardinali.com.br/alugar/Sao-Carlos/Apartamento/Padrao/Cidade-Jardim/116157,"1.362,50","1.090,00","176,00",,1266.0,1
Jardim Lutfalla,https://www.cardinali.com.br/alugar/Sao-Carlos/Apartamento/Padrao/Jardim-Lutfalla/116114,"1.056,25","845,00","175,00","16,26",1036.26,1
Jardim Lutfalla,https://www.cardinali.com.br/alugar/Sao-Carlos/Apartamento/Padrao/Jardim-Lutfalla/116101,"1.056,25","845,00","175,00",,1020.0,1
Parque Arnold Schimidt,https://www.cardinali.com.br/alugar/Sao-Carlos/Apartamento/Padrao/Parque-Arnold-Schimidt/116090,"1.612,50","1.290,00","286,00","50,00",1626.0,1
Vila Celina,https://www.cardinali.com.br/alugar/Sao-Carlos/Apartamento/Kitchnet/Vila-Celina/116009,"838,75","671,00","40,00",,711.0,1
Cidade Jardim,https://www.cardinali.com.br/alugar/Sao-Carlos/Apartamento/Padrao/Cidade-Jardim/115945,"1.667,50","1.334,00","300,00","35,00",1669.0,2
Parque Arnold Schimidt,https://www.cardinali.com.br/alugar/Sao-Carlos/Apartamento/Padrao/Parque-Arnold-Schimidt/115812,"1.736,25","1.389,00","340,00",,1729.0,1
Jardim Centenario,https://www.cardinali.com.br/alugar/Sao-Carlos/Apartamento/Apartamento-sem-condominio/Jardim-Centenario/115762,"1.673,75","1.339,00","150,00","44,35",1533.35,2
Jardim Santa Paula,https://www.cardinali.com.br/alugar/Sao-Carlos/Apartamento/Padrao/Jardim-Santa-Paula/115514,"1.250,00","1.000,00","210,00","25,00",1235.0,1
Centro,https://www.cardinali.com.br/comprar/Sao-Carlos/Apartamento/Padrao/Centro/115492,"1.668,75","1.335,00","1.035,47","104,00",2474.47,3
Jardim Alvorada,https://www.cardinali.com.br/alugar/Sao-Carlos/Apartamento/Padrao/Jardim-Alvorada/115220,"2.361,25","1.889,00","330,00","86,00",2305.0,2
Parque Arnold Schimidt,https://www.cardinali.com.br/comprar/Sao-Carlos/Apartamento/Padrao/Parque-Arnold-Schimidt/115069,"2.687,50","2.150,00","280,00",,2430.0,1
Parque Arnold Schimidt,https://www.cardinali.com.br/comprar/Sao-Carlos/Apartamento/Padrao/Parque-Arnold-Schimidt/115061,"1.875,00","1.500,00","420,00",,1920.0,1
Jardim Paulistano,https://www.cardinali.com.br/alugar/Sao-Carlos/Apartamento/Flat-sem-Condominio/Jardim-Paulistano/115000,"833,75","667,00",,,667.0,1
Parque Arnold Schimidt,https://www.cardinali.com.br/alugar/Sao-Carlos/Apartamento/Padrao/Parque-Arnold-Schimidt/114988,"1.528,75","1.223,00","450,00",,1673.0,1
Jardim Bethania,https://www.cardinali.com.br/alugar/Sao-Carlos/Apartamento/Padrao/Jardim-Bethania/114925,"1.390,00","1.112,00","933,37","101,17",2146.54,2
Centro,https://www.cardinali.com.br/alugar/Sao-Carlos/Apartamento/Padrao/Centro/114790,"2.375,00","1.900,00","680,00","207,00",2787.0,3
Vila Celina,https://www.cardinali.com.br/alugar/Sao-Carlos/Apartamento/Padrao/Vila-Celina/114531,"1.875,00","1.500,00","210,00","36,00",1746.0,2
Jardim Centenario,https://www.cardinali.com.br/comprar/Sao-Carlos/Apartamento/Padrao/Jardim-Centenario/114147,"1.046,88","837,50","126,00","20,47",983.97,1
Jardim Santa Paula,https://www.cardinali.com.br/comprar/Sao-Carlos/Apartamento/Padrao/Jardim-Santa-Paula/113819,"1.390,00","1.112,00","189,19","31,06",1332.25,1
Centro,https://www.cardinali.com.br/alugar/Sao-Carlos/Apartamento/Padrao/Centro/113750,"1.250,00","1.000,00","880,00",,1880.0,1
Jardim Santa Paula,https://www.cardinali.com.br/comprar/Sao-Carlos/Apartamento/Padrao/Jardim-Santa-Paula/113560,"1.987,50","1.590,00","402,00","36,51",2028.51,1
Jardim Lutfalla,https://www.cardinali.com.br/alugar/Sao-Carlos/Apartamento/Padrao/Jardim-Lutfalla/113510,"2.778,75","2.223,00","350,00","65,00",2638.0,1
Jardim Paraiso,https://www.cardinali.com.br/alugar/Sao-Carlos/Apartamento/Padrao/Jardim-Paraiso/113444,"1.875,00","1.500,00","250,00","50,00",1800.0,1
Parque Arnold Schimidt,https://www.cardinali.com.br/alugar/Sao-Carlos/Apartamento/Padrao/Parque-Arnold-Schimidt/113382,"2.500,00","2.000,00","285,00","50,00",2335.0,2
Parque Santa Monica,https://www.cardinali.com.br/alugar/Sao-Carlos/Apartamento/Padrao/Parque-Santa-Monica/112740,"1.687,50","1.350,00","441,00","68,00",1859.0,2
Jardim Lutfalla,https://www.cardinali.com.br/alugar/Sao-Carlos/Apartamento/Padrao/Jardim-Lutfalla/112575,"3.750,00","3.000,00",,,3000.0,1
Vila Monteiro Gleba I,https://www.cardinali.com.br/alugar/Sao-Carlos/Apartamento/Padrao/Vila-Monteiro-Gleba-I/112569,"1.945,00","1.556,00","180,00","50,00",1786.0,1
Jardim Paraiso,https://www.cardinali.com.br/alugar/Sao-Carlos/Apartamento/Padrao/Jardim-Paraiso/112222,"1.737,50","1.390,00","235,00","25,00",1650.0,1
Parque Arnold Schimidt,https://www.cardinali.com.br/alugar/Sao-Carlos/Apartamento/Padrao/Parque-Arnold-Schimidt/111126,"1.667,50","1.334,00","420,00",,1754.0,1
Jardim Lutfalla,https://www.cardinali.com.br/alugar/Sao-Carlos/Apartamento/Padrao/Jardim-Lutfalla/111083,"2.437,50","1.950,00","219,00","101,44",2270.44,1
Jardim Lutfalla,https://www.cardinali.com.br/comprar/Sao-Carlos/Apartamento/Padrao/Jardim-Lutfalla/111071,"2.062,50","1.650,00","194,00","81,93",1925.93,1
Jardim Paraiso,https://www.cardinali.com.br/alugar/Sao-Carlos/Apartamento/Padrao/Jardim-Paraiso/110964,"875,00","700,00","900,00","47,77",1647.77,2
Parque Arnold Schimidt,https://www.cardinali.com.br/alugar/Sao-Carlos/Apartamento/Padrao/Parque-Arnold-Schimidt/110682,"1.667,50","1.334,00","440,00",,1774.0,1
Cidade Jardim,https://www.cardinali.com.br/comprar/Sao-Carlos/Apartamento/Padrao/Cidade-Jardim/109705,"1.806,25","1.445,00","430,00",,1875.0,1
Jardim Santa Paula,https://www.cardinali.com.br/comprar/Sao-Carlos/Apartamento/Flat-com-Condominio/Jardim-Santa-Paula/109394,"1.390,00","1.112,00","189,19","31,06",1332.25,1
Jardim Paraiso,https://www.cardinali.com.br/alugar/Sao-Carlos/Apartamento/Kitchnet/Jardim-Paraiso/109136,"750,00","600,00","100,00",,700.0,1
Jardim Nova Santa Paula,https://www.cardinali.com.br/alugar/Sao-Carlos/Apartamento/Padrao/Jardim-Nova-Santa-Paula/108922,"1.500,00","1.200,00","371,95","42,56",1614.51,2
Jardim Paraiso,https://www.cardinali.com.br/alugar/Sao-Carlos/Apartamento/Padrao/Jardim-Paraiso/108712,"1.279,06","1.023,25",,"51,00",1074.25,1
Vila Marigo,https://www.cardinali.com.br/comprar/Sao-Carlos/Apartamento/Padrao/Vila-Marigo/108620,"1.320,00","1.056,00","170,00","70,00",1296.0,1
Jardim Jockei Club A,https://www.cardinali.com.br/alugar/Sao-Carlos/Apartamento/Padrao/Jardim-Jockei-Club-A/107811,"1.528,75","1.223,00","220,00","35,00",1478.0,2
Jardim Bandeirantes,https://www.cardinali.com.br/alugar/Sao-Carlos/Apartamento/Padrao/Jardim-Bandeirantes/107755,"1.675,00","1.340,00","80,00","70,00",1490.0,2
Cidade Jardim,https://www.cardinali.com.br/alugar/Sao-Carlos/Apartamento/Padrao/Cidade-Jardim/107266,"1.312,50","1.050,00","300,00",,1350.0,1
Cidade Jardim,https://www.cardinali.com.br/alugar/Sao-Carlos/Apartamento/Padrao/Cidade-Jardim/107191,"2.083,75","1.667,00","370,00","83,43",2120.43,1
Jardim Paraiso,https://www.cardinali.com.br/alugar/Sao-Carlos/Apartamento/Padrao/Jardim-Paraiso/107000,"2.153,75","1.723,00",,,1723.0,2
Jardim Lutfalla,https://www.cardinali.com.br/alugar/Sao-Carlos/Apartamento/Padrao/Jardim-Lutfalla/106960,"1.800,00",,"300,00","33,00",2133.0,1
Jardim Lutfalla,https://www.cardinali.com.br/comprar/Sao-Carlos/Apartamento/Padrao/Jardim-Lutfalla/106958,"3.000,00","2.400,00","289,00",,2689.0,2
Jardim Lutfalla,https://www.cardinali.com.br/comprar/Sao-Carlos/Apartamento/Padrao/Jardim-Lutfalla/106702,"2.361,25","1.889,00","325,00",,2214.0,2
Jardim Lutfalla,https://www.cardinali.com.br/alugar/Sao-Carlos/Apartamento/Padrao/Jardim-Lutfalla/106279,"1.667,50","1.334,00","90,00","31,05",1455.05,1
Parque Arnold Schimidt,https://www.cardinali.com.br/alugar/Sao-Carlos/Apartamento/Kitchnet/Parque-Arnold-Schimidt/106151,"1.500,00","1.200,00","48,96","51,04",1300.0,1
Parque Arnold Schimidt,https://www.cardinali.com.br/alugar/Sao-Carlos/Apartamento/Kitchnet/Parque-Arnold-Schimidt/106150,"1.500,00","1.200,00","48,96","51,04",1300.0,1
Parque Arnold Schimidt,https://www.cardinali.com.br/alugar/Sao-Carlos/Apartamento/Kitchnet/Parque-Arnold-Schimidt/106149,"1.500,00","1.200,00","48,96","51,04",1300.0,1
Vila Celina,https://www.cardinali.com.br/alugar/Sao-Carlos/Apartamento/Padrao/Vila-Celina/106104,"1.806,25","1.445,00","550,00",,1995.0,3
Cidade Jardim,https://www.cardinali.com.br/alugar/Sao-Carlos/Apartamento/Padrao/Cidade-Jardim/105856,"2.361,25","1.889,00","250,00","108,00",2247.0,3
Jardim Nova Santa Paula,https://www.cardinali.com.br/alugar/Sao-Carlos/Apartamento/Padrao/Jardim-Nova-Santa-Paula/105360,"1.390,00","1.112,00","490,00","40,95",1642.95,2
Jardim Bethania,https://www.cardinali.com.br/alugar/Sao-Carlos/Apartamento/Padrao/Jardim-Bethania/105353,"1.334,00",,"611,00","43,09",1988.09,2
Jardim Lutfalla,https://www.cardinali.com.br/alugar/Sao-Carlos/Apartamento/Padrao/Jardim-Lutfalla/105290,"1.528,75","1.223,00","90,00","53,51",1366.51,1
Parque Santa Monica,https://www.cardinali.com.br/comprar/Sao-Carlos/Apartamento/Padrao/Parque-Santa-Monica/105184,"1.523,75","1.219,00","440,00","68,00",1727.0,2
Jardim Paraiso,https://www.cardinali.com.br/alugar/Sao-Carlos/Apartamento/Padrao/Jardim-Paraiso/105097,"2.084,59","1.667,67","250,00",,1917.67,1
Cidade Jardim,https://www.cardinali.com.br/alugar/Sao-Carlos/Apartamento/Padrao/Cidade-Jardim/105034,"2.222,50","1.778,00","223,00",,2001.0,2
Jardim Santa Paula,https://www.cardinali.com.br/alugar/Sao-Carlos/Apartamento/Padrao/Jardim-Santa-Paula/104867,"1.875,00","1.500,00",,,1500.0,1
Jardim Paraiso,https://www.cardinali.com.br/alugar/Sao-Carlos/Apartamento/Kitchnet-com-Condominio/Jardim-Paraiso/104694,"1.388,75","1.111,00","300,00",,1411.0,1
Cidade Jardim,https://www.cardinali.com.br/alugar/Sao-Carlos/Apartamento/Padrao/Cidade-Jardim/104647,"1.875,00","1.500,00","235,00","92,50",1827.5,2
Vila Monteiro Gleba I,https://www.cardinali.com.br/alugar/Sao-Carlos/Apartamento/Kitchnet/Vila-Monteiro-Gleba-I/104026,"2.500,00","2.000,00",,,2000.0,1
Jardim Paraiso,https://www.cardinali.com.br/alugar/Sao-Carlos/Apartamento/Padrao/Jardim-Paraiso/102727,"2.361,25","1.889,00","342,00","85,00",2316.0,2
Centro,https://www.cardinali.com.br/alugar/Sao-Carlos/Apartamento/Padrao/Centro/101746,"2.500,00","2.000,00",,,2000.0,2
Jardim Paraiso,https://www.cardinali.com.br/alugar/Sao-Carlos/Apartamento/Padrao/Jardim-Paraiso/100405,"1.687,50","1.350,00","350,00","98,73",1798.73,1
Centro,https://www.cardinali.com.br/alugar/Sao-Carlos/Apartamento/Padrao/Centro/100219,"2.640,00","2.112,00","450,00","100,00",2662.0,2
Jardim Bandeirantes,https://www.cardinali.com.br/alugar/Sao-Carlos/Apartamento/Padrao/Jardim-Bandeirantes/99889,"1.181,25","945,00","170,00","42,00",1157.0,1
Jardim Paraiso,https://www.cardinali.com.br/alugar/Sao-Carlos/Apartamento/Padrao/Jardim-Paraiso/99763,"2.187,50","1.750,00","276,68","72,00",2098.68,2
Jardim Paraiso,https://www.cardinali.com.br/alugar/Sao-Carlos/Apartamento/Padrao/Jardim-Paraiso/99718,"2.287,50","1.830,00","342,00","89,00",2261.0,2
Jardim Paraiso,https://www.cardinali.com.br/alugar/Sao-Carlos/Apartamento/Padrao/Jardim-Paraiso/98407,"1.600,00",,"348,36","84,82",2033.18,2
Cidade Jardim,https://www.cardinali.com.br/alugar/Sao-Carlos/Apartamento/Padrao/Cidade-Jardim/98332,"1.111,25","889,00","310,00","52,00",1251.0,1
Jardim Paraiso,https://www.cardinali.com.br/alugar/Sao-Carlos/Apartamento/Padrao/Jardim-Paraiso/88582,"2.445,00",,"400,00","90,00",2935.0,2
Centro,https://www.cardinali.com.br/alugar/Sao-Carlos/Apartamento/Kitchnet/Centro/85429,"1.562,50","1.250,00",,,1250.0,2
Parque Arnold Schimidt,https://www.cardinali.com.br/alugar/Sao-Carlos/Apartamento/Padrao/Parque-Arnold-Schimidt/84952,"2.778,75","2.223,00","320,00","76,00",2619.0,1
Parque Arnold Schimidt,https://www.cardinali.com.br/alugar/Sao-Carlos/Apartamento/Padrao/Parque-Arnold-Schimidt/84949,"2.779,06","2.223,25","360,74","84,00",2667.99,1
Jardim Lutfalla,https://www.cardinali.com.br/alugar/Sao-Carlos/Apartamento/Padrao/Jardim-Lutfalla/83815,"2.083,75","1.667,00","365,32","78,54",2110.86,1
Centro,https://www.cardinali.com.br/alugar/Sao-Carlos/Apartamento/Kitchnet/Centro/82018,"1.250,00","1.000,00",,,1000.0,1
Cidade Jardim,https://www.cardinali.com.br/alugar/Sao-Carlos/Apartamento/Padrao/Cidade-Jardim/81928,"2.500,00","2.000,00","200,00","70,00",2270.0,2
Cidade Jardim,https://www.cardinali.com.br/comprar/Sao-Carlos/Apartamento/Padrao/Cidade-Jardim/80050,"1.925,00","1.540,00","480,00",,2020.0,2
Centro,https://www.cardinali.com.br/alugar/Sao-Carlos/Apartamento/Padrao/Centro/77437,"2.361,25","1.889,00","198,00","94,55",2181.55,2
Centro,https://www.cardinali.com.br/alugar/Sao-Carlos/Apartamento/Padrao/Centro/76663,"1.806,25","1.445,00","350,00","40,00",1835.0,2
Vila Celina,https://www.cardinali.com.br/alugar/Sao-Carlos/Apartamento/Padrao/Vila-Celina/76531,"1.875,00","1.500,00","265,00","93,84",1858.84,1
Jardim Paraiso,https://www.cardinali.com.br/alugar/Sao-Carlos/Apartamento/Padrao/Jardim-Paraiso/76147,"2.083,75","1.667,00","400,00","91,45",2158.45,3
Jardim Bethania,https://www.cardinali.com.br/comprar/Sao-Carlos/Apartamento/Padrao/Jardim-Bethania/75742,"1.806,25","1.445,00","592,00","92,00",2129.0,3
Jardim Bandeirantes,https://www.cardinali.com.br/alugar/Sao-Carlos/Apartamento/Padrao/Jardim-Bandeirantes/62023,"1.390,00","1.112,00","80,00","70,00",1262.0,1
Vila Celina,https://www.cardinali.com.br/comprar/Sao-Carlos/Apartamento/Padrao/Vila-Celina/61222,"2.500,00","2.000,00","265,00","77,34",2342.34,2
Cidade Jardim,https://www.cardinali.com.br/comprar/Sao-Carlos/Apartamento/Padrao/Cidade-Jardim/60973,"2.083,75","1.667,00","408,00",,2075.0,1
Vila Monteiro Gleba I,https://www.cardinali.com.br/alugar/Sao-Carlos/Apartamento/Padrao/Vila-Monteiro-Gleba-I/60784,"2.500,00","2.000,00","266,00","51,00",2317.0,2
Cidade Jardim,https://www.cardinali.com.br/alugar/Sao-Carlos/Apartamento/Padrao/Cidade-Jardim/60553,"2.083,75","1.667,00","325,00",,1992.0,1
Jardim Santa Paula,https://www.cardinali.com.br/alugar/Sao-Carlos/Apartamento/Padrao/Jardim-Santa-Paula/60511,"1.528,75","1.223,00","235,00","78,06",1536.06,2
Vila Celina,https://www.cardinali.com.br/alugar/Sao-Carlos/Apartamento/Padrao/Vila-Celina/60331,"1.111,25","889,00","460,00",,1349.0,1
Cidade Jardim,https://www.cardinali.com.br/alugar/Sao-Carlos/Apartamento/Padrao/Cidade-Jardim/60205,"2.500,00","2.000,00",,,2000.0,1
Jardim Paraiso,https://www.cardinali.com.br/alugar/Sao-Carlos/Apartamento/Padrao/Jardim-Paraiso/58759,"1.140,00","912,00",,"50,95",962.95,1
Jardim Paraiso,https://www.cardinali.com.br/alugar/Sao-Carlos/Apartamento/Padrao/Jardim-Paraiso/58543,"1.445,00",,"248,69","50,02",1743.71,1
Parque Arnold Schimidt,https://www.cardinali.com.br/alugar/Sao-Carlos/Apartamento/Padrao/Parque-Arnold-Schimidt/58420,"1.390,00","1.112,00","400,00","50,70",1562.7,2
Vila Celina,https://www.cardinali.com.br/alugar/Sao-Carlos/Apartamento/Kitchnet/Vila-Celina/58279,"875,00","700,00","40,00","30,39",770.39,1
Jardim Lutfalla,https://www.cardinali.com.br/alugar/Sao-Carlos/Apartamento/Padrao/Jardim-Lutfalla/57448,"2.083,75","1.667,00","190,00","30,00",1887.0,1
Cidade Jardim,https://www.cardinali.com.br/alugar/Sao-Carlos/Apartamento/Padrao/Cidade-Jardim/57292,"1.750,00","1.400,00","275,49","145,47",1820.96,1
Jardim Santa Paula,https://www.cardinali.com.br/comprar/Sao-Carlos/Apartamento/Padrao/Jardim-Santa-Paula/57118,"1.736,25","1.389,00","440,00","57,00",1886.0,1
Jardim Santa Paula,https://www.cardinali.com.br/alugar/Sao-Carlos/Apartamento/Padrao/Jardim-Santa-Paula/57052,"1.875,00","1.500,00",,"28,07",1528.07,1
Jardim Lutfalla,https://www.cardinali.com.br/alugar/Sao-Carlos/Apartamento/Padrao/Jardim-Lutfalla/56986,"2.778,75","2.223,00","178,00","78,00",2479.0,1
Jardim Paraiso,https://www.cardinali.com.br/alugar/Sao-Carlos/Apartamento/Padrao/Jardim-Paraiso/54877,"2.250,00","1.800,00","220,07","61,48",2081.55,2
Cidade Jardim,https://www.cardinali.com.br/alugar/Sao-Carlos/Apartamento/Padrao/Cidade-Jardim/54532,"1.456,00",,"256,63",,1712.63,2
Cidade Jardim,https://www.cardinali.com.br/comprar/Sao-Carlos/Apartamento/Padrao/Cidade-Jardim/52522,"1.945,00","1.556,00","517,30","83,43",2156.73,2
Jardim Bandeirantes,https://www.cardinali.com.br/alugar/Sao-Carlos/Apartamento/Padrao/Jardim-Bandeirantes/52465,"1.250,00","1.000,00","150,00",,1150.0,1
Vila Celina,https://www.cardinali.com.br/alugar/Sao-Carlos/Apartamento/Padrao/Vila-Celina/51991,"1.875,00","1.500,00","265,00","50,71",1815.71,1
Parque Arnold Schimidt,https://www.cardinali.com.br/alugar/Sao-Carlos/Apartamento/Padrao/Parque-Arnold-Schimidt/50803,"1.000,00",,"260,00","53,00",1313.0,2
Jardim Lutfalla,https://www.cardinali.com.br/alugar/Sao-Carlos/Apartamento/Padrao/Jardim-Lutfalla/50227,"1.625,00","1.300,00","346,46","42,61",1689.07,1
Cidade Jardim,https://www.cardinali.com.br/alugar/Sao-Carlos/Apartamento/Padrao/Cidade-Jardim/49630,"2.626,25","2.101,00","200,00","84,86",2385.86,2
Centro,https://www.cardinali.com.br/alugar/Sao-Carlos/Apartamento/Padrao/Centro/49333,"2.500,00","2.000,00","360,38","183,40",2543.78,2
Centro,https://www.cardinali.com.br/alugar/Sao-Carlos/Apartamento/Padrao/Centro/49231,"1.945,00","1.556,00","369,02","64,91",1989.93,1
Cidade Jardim,https://www.cardinali.com.br/alugar/Sao-Carlos/Apartamento/Padrao/Cidade-Jardim/49213,"2.500,00","2.000,00","229,80","85,88",2315.68,2
Centro,https://www.cardinali.com.br/alugar/Sao-Carlos/Apartamento/Padrao/Centro/39271,"2.778,75","2.223,00","350,00","50,00",2623.0,2
Jardim Santa Paula,https://www.cardinali.com.br/alugar/Sao-Carlos/Apartamento/Padrao/Jardim-Santa-Paula/39253,"1.500,00",,"440,00","100,00",2040.0,2
Jardim Paraiso,https://www.cardinali.com.br/comprar/Sao-Carlos/Apartamento/Padrao/Jardim-Paraiso/39196,"1.861,25","1.489,00","200,00","60,00",1749.0,2
Parque Arnold Schimidt,https://www.cardinali.com.br/alugar/Sao-Carlos/Apartamento/Padrao/Parque-Arnold-Schimidt/39124,"1.667,50","1.334,00","390,00","86,00",1810.0,2
Centro,https://www.cardinali.com.br/comprar/Sao-Carlos/Apartamento/Padrao/Centro/38662,"1.042,50","834,00","400,00","65,00",1299.0,2
Jardim Paraiso,https://www.cardinali.com.br/comprar/Sao-Carlos/Apartamento/Padrao/Jardim-Paraiso/38035,"1.667,50","1.334,00","420,00","70,00",1824.0,2
Jardim Santa Paula,https://www.cardinali.com.br/alugar/Sao-Carlos/Apartamento/Padrao/Jardim-Santa-Paula/37846,"1.181,25","945,00","240,75","29,00",1214.75,1
Centro,https://www.cardinali.com.br/comprar/Sao-Carlos/Apartamento/Padrao/Centro/37513,"1.528,75","1.223,00","950,00","80,00",2253.0,4
Jardim Paraiso,https://www.cardinali.com.br/alugar/Sao-Carlos/Apartamento/Kitchnet/Jardim-Paraiso/37492,"750,00","600,00","60,00",,660.0,1
Jardim Paraiso,https://www.cardinali.com.br/alugar/Sao-Carlos/Apartamento/Kitchnet/Jardim-Paraiso/37486,"833,75","667,00","100,00",,767.0,1
Vila Celina,https://www.cardinali.com.br/alugar/Sao-Carlos/Apartamento/Padrao/Vila-Celina/37213,"587,50","470,00","40,00","15,00",525.0,1
Jardim Lutfalla,https://www.cardinali.com.br/alugar/Sao-Carlos/Apartamento/Padrao/Jardim-Lutfalla/37153,"1.937,50","1.550,00","270,00","42,00",1862.0,1
Cidade Jardim,https://www.cardinali.com.br/comprar/Sao-Carlos/Apartamento/Padrao/Cidade-Jardim/36967,"1.390,00","1.112,00","162,00","15,56",1289.56,1
Centro,https://www.cardinali.com.br/alugar/Sao-Carlos/Apartamento/Padrao/Centro/36298,"1.390,00","1.112,00","142,00","20,00",1274.0,1
Jardim Paraiso,https://www.cardinali.com.br/comprar/Sao-Carlos/Apartamento/Padrao/Jardim-Paraiso/33256,"1.111,25","889,00","236,00",,1125.0,1
Jardim Paulistano,https://www.cardinali.com.br/alugar/Sao-Carlos/Apartamento/Padrao/Jardim-Paulistano/33193,"1.390,00","1.112,00","460,00","31,17",1603.17,2
Jardim Paraiso,https://www.cardinali.com.br/alugar/Sao-Carlos/Apartamento/Padrao/Jardim-Paraiso/33151,"1.250,00","1.000,00","245,00","23,00",1268.0,1
Jardim Lutfalla,https://www.cardinali.com.br/alugar/Sao-Carlos/Apartamento/Padrao/Jardim-Lutfalla/32842,"2.153,75","1.723,00","395,00","76,00",2194.0,1
Centro,https://www.cardinali.com.br/alugar/Sao-Carlos/Apartamento/Padrao/Centro/31459,"2.917,50","2.334,00","490,00","100,52",2924.52,2
Parque Santa Monica,https://www.cardinali.com.br/alugar/Sao-Carlos/Apartamento/Padrao/Parque-Santa-Monica/31303,"1.500,00","1.200,00","432,00","75,41",1707.41,2
Parque Santa Monica,https://www.cardinali.com.br/alugar/Sao-Carlos/Apartamento/Padrao/Parque-Santa-Monica/28633,"1.304,00",,"420,00","68,00",1792.0,2
Vila Marina,https://www.cardinali.com.br/alugar/Sao-Carlos/Apartamento/Padrao/Vila-Marina/28567,"1.528,75","1.223,00","214,00","57,00",1494.0,1
Vila Marina,https://www.cardinali.com.br/alugar/Sao-Carlos/Apartamento/Padrao/Vila-Marina/28564,"1.528,75","1.223,00","214,00","57,00",1494.0,1
Centro,https://www.cardinali.com.br/comprar/Sao-Carlos/Apartamento/Padrao/Centro/27388,"1.320,00","1.056,00","234,00","46,00",1336.0,1
Cidade Jardim,https://www.cardinali.com.br/alugar/Sao-Carlos/Apartamento/Padrao/Cidade-Jardim/25363,"2.000,00","1.600,00","235,00","52,59",1887.59,2
Jardim Alvorada,https://www.cardinali.com.br/comprar/Sao-Carlos/Apartamento/Padrao/Jardim-Alvorada/23992,"1.597,50","1.278,00","239,00","87,00",1604.0,2
Parque Santa Monica,https://www.cardinali.com.br/comprar/Sao-Carlos/Apartamento/Padrao/Parque-Santa-Monica/22240,"2.000,00","1.600,00","250,00","76,00",1926.0,2
Jardim Lutfalla,https://www.cardinali.com.br/alugar/Sao-Carlos/Apartamento/Padrao/Jardim-Lutfalla/21967,"2.083,75","1.667,00","430,21","46,12",2143.33,2
Centro,https://www.cardinali.com.br/comprar/Sao-Carlos/Apartamento/Padrao/Centro/21922,"2.000,00","1.600,00","500,00","22,58",2122.58,3
Centro,https://www.cardinali.com.br/alugar/Sao-Carlos/Apartamento/Padrao/Centro/20890,"1.806,25","1.445,00","311,08","102,24",1858.32,1
Jardim Lutfalla,https://www.cardinali.com.br/alugar/Sao-Carlos/Apartamento/Padrao/Jardim-Lutfalla/14575,"1.528,75","1.223,00","90,00","53,51",1366.51,1
Centro,https://www.cardinali.com.br/alugar/Sao-Carlos/Apartamento/Padrao/Centro/9430,"972,50","778,00","430,00","78,00",1286.0,2
Cidade Jardim,https://www.cardinali.com.br/alugar/Sao-Carlos/Apartamento/Padrao/Cidade-Jardim/3034,"1.500,00","1.200,00","200,00","96,00",1496.0,2
Vila Monteiro Gleba I,https://www.cardinali.com.br/alugar/Sao-Carlos/Apartamento/Padrao/Vila-Monteiro-Gleba-I/2512,"2.062,50","1.650,00","300,00","82,18",2032.18,2
Cidade Jardim,https://www.cardinali.com.br/alugar/Sao-Carlos/Apartamento/Padrao/Cidade-Jardim/2227,"1.528,75","1.223,00","376,32","54,83",1654.15,1
Cidade Jardim,https://www.cardinali.com.br/alugar/Sao-Carlos/Apartamento/Padrao/Cidade-Jardim/1729,"1.042,50","834,00",,,834.0,1
Cidade Jardim,https://www.cardinali.com.br/alugar/Sao-Carlos/Apartamento/Padrao/Cidade-Jardim/463,"1.945,00","1.556,00","583,00","19,24",2158.24,1
Jardim Alvorada,https://www.cardinali.com.br/comprar/Sao-Carlos/Apartamento/Padrao/Jardim-Alvorada/115,"2.750,00","2.200,00","359,00",,2559.0,2
